Cell Identity, Cell Eccentricity (a.u)
1, 0.2346
2, 0.50091
3, 0.65776
4, 0.48891
5, 0.39137
6, 0.63454
7, 0.49195
8, 0.58214
9, 0.16323
